{"cameraMode":{"drawMode":0,"name":"Shaded","section":"Shading Mode"},"sceneLighting":true,"audioPlay":false,"sceneViewState":{"m_AlwaysRefresh":false,"showFog":true,"showSkybox":true,"showFlares":true,"showImageEffects":true,"showParticleSystems":true,"showVisualEffectGraphs":true,"m_FxEnabled":false},"in2DMode":false,"pivot":{"x":0.0848855972290039,"y":1.0672307014465333,"z":-5.069043159484863},"rotation":{"x":-0.16505753993988038,"y":-0.06770393997430802,"z":0.011353559792041779,"w":-0.983904242515564},"size":3.3271007537841799,"orthographic":false}